Nombre,Apellido,Pais,Edad,Email
Lily,Hopkins,United Kingdom,69,lily.hopkins@example.com
Erika,Fontai,Switzerland,78,erika.fontai@example.com
Apolónio,Novaes,Brazil,69,apolonio.novaes@example.com
Lorena,Sánchez,Spain,53,lorena.sanchez@example.com
Gaby,Schön,Germany,69,gaby.schon@example.com
Kenzi,Vargas,United States,46,kenzi.vargas@example.com
Malou,Olsen,Denmark,32,malou.olsen@example.com
Gabrielle,Hendrix,Netherlands,77,gabrielle.hendrix@example.com
Özsu,Sadıklar,Turkey,51,ozsu.sadiklar@example.com
Felix,Roy,Canada,26,felix.roy@example.com
